KEYWORD,TOPIC,CLIENT
supply chain issues,Disruption - General,Maersk
container ship,SCL - General,Maersk
nave industrial,Warehousing & Inventory,Maersk
online stores,E-Commerce,Maersk
home delivery,E-Commerce,Maersk
online buying,E-Commerce,Maersk
online retailers,E-Commerce,Maersk
dms,Competitors,Maersk
western sanctions,Disruption - Ukrainian War,Maersk
home delivery orders,E-Commerce,Maersk
shopping experience,Retail,Maersk
msc,Competitors,Maersk
shopping online,E-Commerce,Maersk
online retailer,E-Commerce,Maersk
electronic commerce,E-Commerce,Maersk
storage solutions,Warehousing & Inventory,Maersk
tracking information,E-Commerce,Maersk
ceva,Competitors,Maersk
economic sanctions,Disruption - Ukrainian War,Maersk
geolocation,SCL - Visibility,Maersk
lorry drivers,Disruption - Labour Shortage,Maersk
supply chain management,SCL - General,Maersk
sealand,Competitors,Maersk
next day shipping,SCL - Integrated Logistics,Maersk
bcp,Customs & CHB,Maersk
tracking system,E-Commerce,Maersk
delivery service,E-Commerce,Maersk
moda sostenible,Sustainability & ESG,Maersk
return policy,E-Commerce,Maersk
e commerce,E-Commerce,Maersk
hgv drivers,Disruption - Labour Shortage,Maersk
post brexit,Disruption - Brexit,Maersk
ecommerce,E-Commerce,Maersk
sku,Retail,Maersk
storage facility,Warehousing & Inventory,Maersk
customs agents,Customs & CHB,Maersk
logistique,SCL - General,Maersk
new sanctions,Disruption - General,Maersk
oil price,Disruption - General,Maersk
distribution centre,Warehousing & Inventory,Maersk
supply chain crisis,Disruption - General,Maersk
couriers,E-Commerce,Maersk
labour costs,Disruption - Inflation,Maersk
special delivery,E-Commerce,Maersk
international sanctions,Disruption - General,Maersk
eu sanctions,Disruption - Ukrainian War,Maersk
online order,E-Commerce,Maersk
storage solution,Warehousing & Inventory,Maersk
grocery chain,Reefer,Maersk
cma,Competitors,Maersk
storage facilities,Warehousing & Inventory,Maersk
online purchases,E-Commerce,Maersk
lorry driver shortage,Disruption - Labour Shortage,Maersk
next day delivery,E-Commerce,Maersk
day delivery service,E-Commerce,Maersk
rcm,Digitalisation,Maersk
servizi logistici,SCL - General,Maersk
online orders,E-Commerce,Maersk
global supply chain issues,Disruption - General,Maersk
delivery costs,E-Commerce,Maersk
warehouse workers,Disruption - Labour Shortage,Maersk
food delivery,FMCG,Maersk
us sanctions,Disruption - Ukrainian War,Maersk
parcel deliveries,E-Commerce,Maersk
processing time,E-Commerce,Maersk
warehousing,Warehousing & Inventory,Maersk
transport maritime,SCL - General,Maersk
small parcels,E-Commerce,Maersk
tracking number,E-Commerce,Maersk
transportation costs,Disruption - Global Container Crisis,Maersk
driver shortages,Disruption - Labour Shortage,Maersk
logistik,SCL - General,Maersk
cold chain,Reefer,Maersk
cold storage,Reefer,Maersk
hapag lloyd,Competitors,Maersk
new warehouse,Warehousing & Inventory,Maersk
ens,Customs & CHB,Maersk
third party logistics companies,SCL - Integrated Logistics,Maersk
logistical problems,Disruption - General,Maersk
drop shipping,E-Commerce,Maersk
agentes aduaneros,Customs & CHB,Maersk
free shipping,E-Commerce,Maersk
gemelo digital,Digitalisation,Maersk
delivery vans,E-Commerce,Maersk
distribution network,E-Commerce,Maersk
global shipping,SCL - General,Maersk
delivery delays,Disruption - General,Maersk
electric car batteries,Automotive,Maersk
d2c,E-Commerce,Maersk
heavy cargo,SCL - Agility & Resilience,Maersk
sps,Customs & CHB,Maersk
fuel price,Disruption - Fuel Prices,Maersk
sustainable practices,Sustainability & ESG,Maersk
driver shortage,Disruption - Labour Shortage,Maersk
opr,Customs & CHB,Maersk
online retail,E-Commerce,Maersk
delivery charges,E-Commerce,Maersk
distribution hubs,E-Commerce,Maersk
transport costs,Air Freight,Maersk
long term storage,Warehousing & Inventory,Maersk
maersk,Competitors,Maersk
sustainable fashion,Sustainability & ESG,Maersk
procurement process,Warehousing & Inventory,Maersk
delivery time,E-Commerce,Maersk
food handling,FMCG,Maersk
logistical difficulties,Disruption - General,Maersk
high fuel prices,Disruption - Fuel Prices,Maersk
online selling,E-Commerce,Maersk
polo logistico,Warehousing & Inventory,Maersk
schenker,Competitors,Maersk
russian sanctions,Disruption - Ukrainian War,Maersk
online purchase,E-Commerce,Maersk
servizio doganale,Customs & CHB,Maersk
exs,Customs & CHB,Maersk
e commerce sites,E-Commerce,Maersk
late deliveries,E-Commerce,Maersk
transport solutions,Air Freight,Maersk
last mile,E-Commerce,Maersk
almacenes temporales,Warehousing & Inventory,Maersk
freight services,Air Freight,Maersk
new containers,Disruption - Global Container Crisis,Maersk
distribution facilities,E-Commerce,Maersk
large container,SCL - Agility & Resilience,Maersk
customs duties,Customs & CHB,Maersk
home delivery service,E-Commerce,Maersk
warehouse space,Warehousing & Inventory,Maersk
distribution centres,Warehousing & Inventory,Maersk
supply chain shortages,Disruption - General,Maersk
supply chain disruptions,Disruption - General,Maersk
slow fashion,Sustainability & ESG,Maersk
delivery times,E-Commerce,Maersk
storage spaces,Warehousing & Inventory,Maersk
delivery options,E-Commerce,Maersk
supply chain disruption,Disruption - General,Maersk
ap moller maersk,Competitors,Maersk
fast fashion industry,Lifestyle,Maersk
blockchain technology,Digitalisation,Maersk
logistical challenge,Disruption - General,Maersk
warehouse company,Warehousing & Inventory,Maersk
border checkpoint,Customs & CHB,Maersk
small packages,E-Commerce,Maersk
retail returns,E-Commerce,Maersk
distribution center,Warehousing & Inventory,Maersk
intermodal freight transport,SCL - General,Maersk
shanghai lockdown,Disruption - COVID-19,Maersk
skus,Retail,Maersk
dhl freight,Air Freight,Maersk
export restrictions,Disruption - General,Maersk
store shopping experience,Retail,Maersk
incoterms,Customs & CHB,Maersk
twill,Competitors,Maersk
third party logistics,SCL - Integrated Logistics,Maersk
air freight,Air Freight,Maersk
new warehouses,Warehousing & Inventory,Maersk
stock shortages,Disruption - General,Maersk
russian crude oil,Disruption - Ukrainian War,Maersk
freight transport,Air Freight,Maersk
logistical issues,Disruption - General,Maersk
fashion retailers,Lifestyle,Maersk
seatrade maritime,SCL - General,Maersk
online returns,E-Commerce,Maersk
cold store,Reefer,Maersk
large containers,SCL - Agility & Resilience,Maersk
critical logistics,SCL - General,Maersk
supply shortages,Disruption - General,Maersk
distribution hub,E-Commerce,Maersk
returned goods,E-Commerce,Maersk
ead,Customs & CHB,Maersk
wheat exports,Disruption - General,Maersk
parcel delivery,E-Commerce,Maersk
pharmaceutical supply chain,Reefer,Maersk
transport truck,SCL - General,Maersk
inventory management,Warehousing & Inventory,Maersk
logistics company,SCL - General,Maersk
logistical challenges,Disruption - General,Maersk
distribution warehouse,Warehousing & Inventory,Maersk
warehouse management system,Warehousing & Inventory,Maersk
supply chain businesses,SCL - General,Maersk
empty containers,Disruption - Global Container Crisis,Maersk
distribution centers,Warehousing & Inventory,Maersk
kgh,Competitors,Maersk
supply chain challenges,SCL - Agility & Resilience,Maersk
air cargo,Air Freight,Maersk
enterprise resource planning,Warehousing & Inventory,Maersk
freight containers,Air Freight,Maersk
trade restrictions,Disruption - General,Maersk
border control post,Customs & CHB,Maersk
digital twin,Digitalisation,Maersk
real time stock,Digitalisation,Maersk
ced,Customs & CHB,Maersk
cross border services,SCL - Agility & Resilience,Maersk
existing warehouse,Warehousing & Inventory,Maersk
return policies,E-Commerce,Maersk
vat tax,Customs & CHB,Maersk
long lead times,Disruption - Global Container Crisis,Maersk
xpo,Competitors,Maersk
tracking technologies,Digitalisation,Maersk
european union sanctions,Disruption - Ukrainian War,Maersk
inventory control,Warehousing & Inventory,Maersk
autotrasporto merci,SCL - General,Maersk
dsv,Competitors,Maersk
freighters,Air Freight,Maersk
aeo,Customs & CHB,Maersk
db schenker,Competitors,Maersk
unexpected disruptions,Disruption - General,Maersk
delivery capabilities,E-Commerce,Maersk
freight forwarders,SCL - Integrated Logistics,Maersk
factory closures,Disruption - COVID-19,Maersk
fmcg supply chain,FMCG,Maersk
circular fashion,Sustainability & ESG,Maersk
maritime trade,SCL - General,Maersk
freight costs,Air Freight,Maersk
supply chain pressures,Disruption - General,Maersk
transport service,Air Freight,Maersk
intermodal container,SCL - General,Maersk
large warehouses,Warehousing & Inventory,Maersk
secure storage,Warehousing & Inventory,Maersk
scm,SCL - General,Maersk
spedizioni internazionali,SCL - Integrated Logistics,Maersk
retail warehouses,Warehousing & Inventory,Maersk
controllo doganale,Customs & CHB,Maersk
russia sanctions,Disruption - Ukrainian War,Maersk
shippers,SCL - General,Maersk
local sourcing,SCL - Integrated Logistics,Maersk
digital process,Digitalisation,Maersk
logistics providers,SCL - General,Maersk
full inventory,Warehousing & Inventory,Maersk
filiera controllata,SCL - General,Maersk
customs data,Customs & CHB,Maersk
intermodal containers,SCL - General,Maersk
forwarding agent,Air Freight,Maersk
omnichannel fulfilment,SCL - Agility & Resilience,Maersk
container shipping,SCL - General,Maersk
customs clearances,Customs & CHB,Maersk
fulfilment network,E-Commerce,Maersk
logistikzentrum,Warehousing & Inventory,Maersk
freightliner,SCL - General,Maersk
shopping experiences,Retail,Maersk
cct,Customs & CHB,Maersk
piattaforma logistica,SCL - Integrated Logistics,Maersk
parcel delivery services,E-Commerce,Maersk
logistieke dienstverlening,SCL - General,Maersk
cosco group,Competitors,Maersk
e commerce business,E-Commerce,Maersk
trasporti intermodali,SCL - Integrated Logistics,Maersk
supply chain partners,SCL - General,Maersk
transportation infrastructure,SCL - General,Maersk
carrier aircraft,Air Freight,Maersk
container terminal,SCL - General,Maersk
moller maersk,Competitors,Maersk
logistiek centrum,Warehousing & Inventory,Maersk
customs process,Customs & CHB,Maersk
resilient supply chains,SCL - Agility & Resilience,Maersk
sustainability initiatives,Sustainability & ESG,Maersk
apparel manufacturing,Lifestyle,Maersk
filiera agroalimentare,FMCG,Maersk
logistics infrastructure,SCL - General,Maersk
customs fees,Customs & CHB,Maersk
customs agent,Customs & CHB,Maersk
cargo transport,Air Freight,Maersk
warehouse management,Warehousing & Inventory,Maersk
courier services,E-Commerce,Maersk
umsatzsteuer identifikationsnummer,Customs & CHB,Maersk
special cargo,Air Freight,Maersk
global supply chain disruptions,Disruption - General,Maersk
frozen goods,Reefer,Maersk
charter operations,Air Freight,Maersk
operatori logistici,SCL - General,Maersk
fulfillment network,E-Commerce,Maersk
distribution services,Warehousing & Inventory,Maersk
fast moving consumer goods,FMCG,Maersk
warehouse facilities,Warehousing & Inventory,Maersk
returns policy,E-Commerce,Maersk
distribution partners,SCL - General,Maersk
soluzioni logistiche,SCL - General,Maersk
last mile delivery services,E-Commerce,Maersk
supply disruption,Air Freight,Maersk
cross border trade,Customs & CHB,Maersk
import duty,Customs & CHB,Maersk
food supply chains,FMCG,Maersk
dropshipping,E-Commerce,Maersk
sustainability strategy,Sustainability & ESG,Maersk
cargo shipments,SCL - General,Maersk
running containers,SCL - General,Maersk
delivery cost,E-Commerce,Maersk
transportation routes,SCL - Agility & Resilience,Maersk
contract logistics,SCL - Integrated Logistics,Maersk
distribution networks,Warehousing & Inventory,Maersk
food supply chain,FMCG,Maersk
freezer containers,Reefer,Maersk
final mile,E-Commerce,Maersk
quality warehousing,Warehousing & Inventory,Maersk
easy returns,E-Commerce,Maersk
near shoring,SCL - Agility & Resilience,Maersk
produce products,FMCG,Maersk
e2e,SCL - General,Maersk
storage warehouse,Warehousing & Inventory,Maersk
cargo services,Air Freight,Maersk
textile production,Lifestyle,Maersk
sustainable sourcing,Sustainability & ESG,Maersk
cosco,Competitors,Maersk
transportation method,SCL - General,Maersk
multi channel,E-Commerce,Maersk
maersk line,Competitors,Maersk
order tracking,Digitalisation,Maersk
2pl,SCL - Integrated Logistics,Maersk
partner logistico,SCL - Integrated Logistics,Maersk
logistics companies,SCL - General,Maersk
refrigerated storage,Reefer,Maersk
ecommerce business,E-Commerce,Maersk
sea freight,SCL - General,Maersk
supply shocks,Disruption - General,Maersk
tracking capabilities,Digitalisation,Maersk
next day service,SCL - Agility & Resilience,Maersk
next day delivery options,SCL - Agility & Resilience,Maersk
store warehouse,Warehousing & Inventory,Maersk
temperature sensitive,Air Freight,Maersk
dichiarazione doganale,Customs & CHB,Maersk
supply chain optimization,SCL - Integrated Logistics,Maersk
fashion sustainability,Lifestyle,Maersk
warehouse spaces,Warehousing & Inventory,Maersk
warehouse facility,Warehousing & Inventory,Maersk
supermarket delivery,FMCG,Maersk
cargo containers,SCL - General,Maersk
global supply chain disruption,Disruption - General,Maersk
component suppliers,Automotive,Maersk
process orders,E-Commerce,Maersk
storage management,Warehousing & Inventory,Maersk
shipping delays,Disruption - Global Container Crisis,Maersk
covid 19 disruptions,Disruption - COVID-19,Maersk
recommerce,Sustainability & ESG,Maersk
brexit deal,Disruption - Brexit,Maersk
luftfracht,Air Freight,Maersk
real time location,Digitalisation,Maersk
efficient supply chain,SCL - Integrated Logistics,Maersk
cargo carrier,Air Freight,Maersk
storage services,Warehousing & Inventory,Maersk
sfd,Customs & CHB,Maersk
logistics solutions,SCL - General,Maersk
ukrainian truck drivers,Disruption - Ukrainian War,Maersk
better inventory management,Warehousing & Inventory,Maersk
parcel delivery company,E-Commerce,Maersk
short term storage,Warehousing & Inventory,Maersk
empty shipping container,Disruption - Global Container Crisis,Maersk
gestione magazzino,Warehousing & Inventory,Maersk
logistics warehouses,Warehousing & Inventory,Maersk
customs clearance,Customs & CHB,Maersk
supply chain transparency,SCL - Visibility,Maersk
cpg,FMCG,Maersk
real time view,Digitalisation,Maersk
e commerce operations,E-Commerce,Maersk
bulk cargo,SCL - General,Maersk
transport intermodal,SCL - Integrated Logistics,Maersk
third party service provider,SCL - Integrated Logistics,Maersk
soluzione logistica,SCL - General,Maersk
customs checks,Customs & CHB,Maersk
import tax,Customs & CHB,Maersk
multi stop routing,FMCG,Maersk
ecommerce experience,E-Commerce,Maersk
supply chain costs,Disruption - General,Maersk
global supply chain crisis,Disruption - General,Maersk
warehouse management systems,Warehousing & Inventory,Maersk
supply chain bottlenecks,Disruption - General,Maersk
eco friendly packaging,Sustainability & ESG,Maersk
stock keeping units,Retail,Maersk
electronic data interchange,Digitalisation,Maersk
rising inflation,Disruption - Inflation,Maersk
logistics partners,SCL - General,Maersk
cargo delivery,Air Freight,Maersk
brexit withdrawal agreement,Disruption - Brexit,Maersk
logistiques,SCL - General,Maersk
procedure doganali,Customs & CHB,Maersk
full traceability,Digitalisation,Maersk
warehouse store,Warehousing & Inventory,Maersk
logistics services,SCL - General,Maersk
omnichannel customer experience,E-Commerce,Maersk
freight transportation,SCL - Integrated Logistics,Maersk
full container load,SCL - Agility & Resilience,Maersk
customs declarations,Customs & CHB,Maersk
logistics issues,Disruption - General,Maersk
vaccine distribution,Reefer,Maersk
ebl,Digitalisation,Maersk
transport cargo,SCL - General,Maersk
e com,E-Commerce,Maersk
fret maritime,SCL - General,Maersk
arkas,Competitors,Maersk
customs services,Customs & CHB,Maersk
ethical fashion,Sustainability & ESG,Maersk
transport cost,Air Freight,Maersk
supply shortage,Disruption - General,Maersk
sistemi logistici,SCL - General,Maersk
cross border payments,Customs & CHB,Maersk
autonomous ships,Digitalisation,Maersk
port congestion,Disruption - General,Maersk
ipr,Customs & CHB,Maersk
bulk storage,Warehousing & Inventory,Maersk
distribution methods,Warehousing & Inventory,Maersk
e commerce services,E-Commerce,Maersk
order fulfilment,E-Commerce,Maersk
sustainable lifestyles,Sustainability & ESG,Maersk
container load,SCL - General,Maersk
eco fashion,Sustainability & ESG,Maersk
distribution systems,Warehousing & Inventory,Maersk
freight companies,SCL - General,Maersk
charter aircraft,Air Freight,Maersk
last mile deliveries,E-Commerce,Maersk
modern retail,Retail,Maersk
timely delivery,E-Commerce,Maersk
advanced tracking,Air Freight,Maersk
global sourcing,SCL - Agility & Resilience,Maersk
digital twins,Digitalisation,Maersk
customs charge,Customs & CHB,Maersk
supply chain delays,Disruption - General,Maersk
distribution warehouses,Warehousing & Inventory,Maersk
hs code,Customs & CHB,Maersk
trucking companies,SCL - General,Maersk
procurement processes,Warehousing & Inventory,Maersk
logistics expertise,SCL - General,Maersk
last mile logistics,E-Commerce,Maersk
transport frigorifique,Reefer,Maersk
transportation management system,Digitalisation,Maersk
return shipping,E-Commerce,Maersk
logistics network,SCL - Integrated Logistics,Maersk
freight rates,Air Freight,Maersk
full containers,SCL - Agility & Resilience,Maersk
real time tracking,Digitalisation,Maersk
supply chain expertise,SCL - General,Maersk
lifestyle industry,Lifestyle,Maersk
tracking devices,Digitalisation,Maersk
cold chain operations,Reefer,Maersk
logisticians,SCL - General,Maersk
value added tax identification number,Customs & CHB,Maersk
container handling,SCL - General,Maersk
fashion supply chain,Lifestyle,Maersk
efficient transportation,SCL - General,Maersk
complex logistics,SCL - General,Maersk
freighter aircraft,Air Freight,Maersk
distributiecentrum,Warehousing & Inventory,Maersk
automotive parts,Automotive,Maersk
logistics provider,SCL - General,Maersk
transportation option,SCL - General,Maersk
inventory management system,Warehousing & Inventory,Maersk
logistics department,SCL - General,Maersk
filiera logistica,SCL - General,Maersk
retail needs,Retail,Maersk
logistics team,SCL - General,Maersk
parco logistico,Warehousing & Inventory,Maersk
industrial warehouse,Warehousing & Inventory,Maersk
spedizione internazionale,SCL - Integrated Logistics,Maersk
temperature requirements,Air Freight,Maersk
fashion transparency index,Lifestyle,Maersk
shipping service,Air Freight,Maersk
bonded warehouse,Warehousing & Inventory,Maersk
automobile production,Automotive,Maersk
logistics hubs,SCL - General,Maersk
order management,E-Commerce,Maersk
warehouse stores,Warehousing & Inventory,Maersk
delivery success,E-Commerce,Maersk
bti,Customs & CHB,Maersk
truckload freight,SCL - General,Maersk
container monitoring,Reefer,Maersk
precise temperature control,Reefer,Maersk
brexit trade talks,Disruption - Brexit,Maersk
customs service,Customs & CHB,Maersk
shipping services,Air Freight,Maersk
air carrier,Air Freight,Maersk
autonomous drones,Digitalisation,Maersk
inventory storage,Warehousing & Inventory,Maersk
imported goods,Customs & CHB,Maersk
luxury fashion industry,Lifestyle,Maersk
dichiarazioni doganali,Customs & CHB,Maersk
customs paperwork,Customs & CHB,Maersk
supply chain logistics,SCL - General,Maersk
food logistics,FMCG,Maersk
third party logistics partners,SCL - Integrated Logistics,Maersk
courier delivery,E-Commerce,Maersk
fleet management system,Digitalisation,Maersk
complex supply chains,SCL - General,Maersk
e commerce strategy,E-Commerce,Maersk
efficient supply chains,SCL - Integrated Logistics,Maersk
entry clearance,Customs & CHB,Maersk
inventory systems,Digitalisation,Maersk
import tariff,Customs & CHB,Maersk
supply chain traceability,Digitalisation,Maersk
air cargo rates,Air Freight,Maersk
air cargo services,Air Freight,Maersk
container shortages,Disruption - Global Container Crisis,Maersk
intermodal transport,SCL - General,Maersk
logistics expert,SCL - General,Maersk
last mile delivery,E-Commerce,Maersk
tax identification number,Customs & CHB,Maersk
air transport services,Air Freight,Maersk
air freight rates,Air Freight,Maersk
customs charges,Customs & CHB,Maersk
cargo handling,SCL - General,Maersk
best shipping companies,SCL - General,Maersk
smart supply chain,Digitalisation,Maersk
modern warehouse,Warehousing & Inventory,Maersk
flexport,Competitors,Maersk
supply chain data,Digitalisation,Maersk
express logistics,SCL - Agility & Resilience,Maersk
brexit transition period,Disruption - Brexit,Maersk
international logistics,Air Freight,Maersk
import restrictions,Disruption - General,Maersk
export regulations,Customs & CHB,Maersk
wheat supply,Disruption - Ukrainian War,Maersk
distribution operations,Warehousing & Inventory,Maersk
effective supply chain management,SCL - Integrated Logistics,Maersk
retail distribution,Retail,Maersk
e logistics,E-Commerce,Maersk
land transportation,SCL - General,Maersk
e commerce penetration,E-Commerce,Maersk
air transportation,Air Freight,Maersk
delivery strategy,E-Commerce,Maersk
air freight costs,Air Freight,Maersk
container space,SCL - Agility & Resilience,Maersk
container shipping companies,SCL - General,Maersk
digital supply chain,Digitalisation,Maersk
vehicle logistics,Automotive,Maersk
inland location,SCL - General,Maersk
road freight,SCL - General,Maersk
warehousing operations,Warehousing & Inventory,Maersk
reliable shipping,SCL - Agility & Resilience,Maersk
goods transport,Air Freight,Maersk
supply chain efficiencies,SCL - Agility & Resilience,Maersk
end logistics solutions,SCL - General,Maersk
large cargo,SCL - Agility & Resilience,Maersk
slow fashion movement,Lifestyle,Maersk
cold chain transportation,Reefer,Maersk
customs regulations,Customs & CHB,Maersk
solutions logistiques,SCL - General,Maersk
refrigerated truck,Reefer,Maersk
sea containers,SCL - General,Maersk
customs documents,Customs & CHB,Maersk
customs formalities,Customs & CHB,Maersk
air transportation services,Air Freight,Maersk
green logistics,Sustainability & ESG,Maersk
sustainable supply chains,Sustainability & ESG,Maersk
mpf,Customs & CHB,Maersk
autonomous trucks,Digitalisation,Maersk
agente aduanero,Customs & CHB,Maersk
air transport services group,Air Freight,Maersk
return order,E-Commerce,Maersk
nearshoring,SCL - Agility & Resilience,Maersk
e commerce systems,E-Commerce,Maersk
logistics system,SCL - General,Maersk
stock inventory,Warehousing & Inventory,Maersk
import vat,Customs & CHB,Maersk
air cargo operations,Air Freight,Maersk
autonomous shipping,Digitalisation,Maersk
kerry logistics,Competitors,Maersk
centre logistique,Warehousing & Inventory,Maersk
customs duty tax,Customs & CHB,Maersk
e commerce deliveries,E-Commerce,Maersk
inventory data,Digitalisation,Maersk
warehouse solutions,Warehousing & Inventory,Maersk
export duty,Customs & CHB,Maersk
tms systems,Digitalisation,Maersk
maersk air,Air Freight,Maersk
fleet management software,Digitalisation,Maersk
goods transportation,FMCG,Maersk
supply chain sustainability,Sustainability & ESG,Maersk
smart warehouse,Warehousing & Inventory,Maersk
consumer packaged goods,FMCG,Maersk
british customs,Customs & CHB,Maersk
farm2fork,Sustainability & ESG,Maersk
import tariffs,Customs & CHB,Maersk
lower shipping costs,Air Freight,Maersk
inventory control system,Digitalisation,Maersk
storage temperature,Reefer,Maersk
logistics warehouse,Warehousing & Inventory,Maersk
logistica internazionale,SCL - General,Maersk
consumer delivery,E-Commerce,Maersk
transport international,SCL - General,Maersk
automated warehouse,Digitalisation,Maersk
air cargo capacity,Air Freight,Maersk
reverse logistics,SCL - Integrated Logistics,Maersk
commodity code,Customs & CHB,Maersk
perishable cargo,Reefer,Maersk
contraintes logistiques,Disruption - General,Maersk
e commerce supply chain strategy,E-Commerce,Maersk
inventory management software,Digitalisation,Maersk
transportlogistik,SCL - General,Maersk
returns process,E-Commerce,Maersk
air transport association,Air Freight,Maersk
grain supply,Disruption - Ukrainian War,Maersk
green shipping,Sustainability & ESG,Maersk
customs declaration,Customs & CHB,Maersk
retail warehouse,Warehousing & Inventory,Maersk
distribution service,Warehousing & Inventory,Maersk
technology components,Technology,Maersk
logistics storage,Warehousing & Inventory,Maersk
logistics center,Warehousing & Inventory,Maersk
last mile delivery solution,E-Commerce,Maersk
sustainable fashion industry,Sustainability & ESG,Maersk
logistics management,SCL - General,Maersk
sustainable garments,Lifestyle,Maersk
warehouse control system,Warehousing & Inventory,Maersk
supply chain efficiency,SCL - Integrated Logistics,Maersk
supply chain planning,SCL - General,Maersk
delivery speed,E-Commerce,Maersk
fmcg market,FMCG,Maersk
cargo transportation,SCL - General,Maersk
shortage situation,Disruption - General,Maersk
eori number,Customs & CHB,Maersk
fmcg,FMCG,Maersk
ecommerce orders,E-Commerce,Maersk
digital freight,Air Freight,Maersk
transportation solutions,Air Freight,Maersk
perishable food products,Reefer,Maersk
good inventory,Warehousing & Inventory,Maersk
accurate inventory,Warehousing & Inventory,Maersk
air charter,Air Freight,Maersk
logistics jobs,Disruption - Labour Shortage,Maersk
storage warehouses,Warehousing & Inventory,Maersk
warehousing company,Warehousing & Inventory,Maersk
asset tracking,Air Freight,Maersk
inventory surplus,Warehousing & Inventory,Maersk
fourth party logistics,SCL - Integrated Logistics,Maersk
frozen container,Reefer,Maersk
customs control,Customs & CHB,Maersk
responsible supply chain,Sustainability & ESG,Maersk
fast moving consumer goods sector,FMCG,Maersk
effective inventory management,Warehousing & Inventory,Maersk
freight charges,Air Freight,Maersk
efficient inventory management,Warehousing & Inventory,Maersk
fmcg logistics,FMCG,Maersk
customs taxes,Customs & CHB,Maersk
container transport,SCL - General,Maersk
supply chain interruptions,Disruption - General,Maersk
cold chain storage,Reefer,Maersk
automobile parts,Automotive,Maersk
plateformes logistiques,SCL - Integrated Logistics,Maersk
retail channel,Retail,Maersk
third party logistics company,SCL - General,Maersk
invoice finance,Customs & CHB,Maersk
sorting facilities,E-Commerce,Maersk
courier network,E-Commerce,Maersk
einfuhrumsatzsteuer,Customs & CHB,Maersk
logistics problem,Disruption - General,Maersk
sustainability practices,Sustainability & ESG,Maersk
reliable supply chain,SCL - Agility & Resilience,Maersk
international freight,Air Freight,Maersk
applicable customs duty,Customs & CHB,Maersk
flexible supply chain,SCL - Agility & Resilience,Maersk
fmcg products,FMCG,Maersk
fast fashion movement,Lifestyle,Maersk
e commerce vendors,E-Commerce,Maersk
private warehouse,Warehousing & Inventory,Maersk
air transport industry,Air Freight,Maersk
shipping packages,E-Commerce,Maersk
existing warehouses,Warehousing & Inventory,Maersk
sustainable operations,Sustainability & ESG,Maersk
logistics challenges,Disruption - General,Maersk
air cargo industry,Air Freight,Maersk
product skus,Retail,Maersk
distribution logistics,Warehousing & Inventory,Maersk
pharmaceutical goods,Reefer,Maersk
short sea shipping,SCL - General,Maersk
warehouse locations,Warehousing & Inventory,Maersk
surplus inventory,Warehousing & Inventory,Maersk
supply chain managers,SCL - General,Maersk
product returns,E-Commerce,Maersk
fashion production,Lifestyle,Maersk
overall inventory,Warehousing & Inventory,Maersk
inventory planning,Warehousing & Inventory,Maersk
logistics constraints,Disruption - General,Maersk
warehouse processes,Warehousing & Inventory,Maersk
warehouse functions,Warehousing & Inventory,Maersk
customs declaration form,Customs & CHB,Maersk
warehouse inventory,Warehousing & Inventory,Maersk
supply chain vulnerabilities,Disruption - General,Maersk
complex supply chain,SCL - General,Maersk
cold chain process,Reefer,Maersk
excise warehouse,Warehousing & Inventory,Maersk
ftas,Customs & CHB,Maersk
cold chain equipment,Reefer,Maersk
bulk supply,FMCG,Maersk
transport fish,Reefer,Maersk
3pl warehouses,Warehousing & Inventory,Maersk
retail solutions,Retail,Maersk
fmcg companies,FMCG,Maersk
air transport market,Air Freight,Maersk
4pl,SCL - Integrated Logistics,Maersk
automotive supply chain,Automotive,Maersk
international shipments,Air Freight,Maersk
charter operators,Air Freight,Maersk
perpetual inventory system,Digitalisation,Maersk
third party logistics providers,SCL - Integrated Logistics,Maersk
complicated supply chain,Disruption - General,Maersk
customs warehouse,Warehousing & Inventory,Maersk
transport management system,Digitalisation,Maersk
auto components,Automotive,Maersk
ecommerce returns,E-Commerce,Maersk
multiple sourcing,Automotive,Maersk
retail supply chains,Retail,Maersk
excise taxes,Customs & CHB,Maersk
truck freight,SCL - General,Maersk
fmcg sector,FMCG,Maersk
transportation delays,Disruption - General,Maersk
automotive solutions,Automotive,Maersk
periodic inventory system,Digitalisation,Maersk
commodity codes,Customs & CHB,Maersk
sustainable transportation,Sustainability & ESG,Maersk
export documents,Customs & CHB,Maersk
logistics service provider,SCL - Integrated Logistics,Maersk
supply chain management software,Digitalisation,Maersk
inventory accuracy,Warehousing & Inventory,Maersk
e fulfilment,E-Commerce,Maersk
customs agency,Customs & CHB,Maersk
customs brokerage,Customs & CHB,Maersk
air shipping,Air Freight,Maersk
air freight business,Air Freight,Maersk
logistique internationale,SCL - General,Maersk
global fast fashion,Lifestyle,Maersk
shipping goods,SCL - General,Maersk
cross border transportation,SCL - General,Maersk
e commerce logistics,E-Commerce,Maersk
e commerce experience,E-Commerce,Maersk
warehouse stock,Warehousing & Inventory,Maersk
responsible practices,Sustainability & ESG,Maersk
sku numbers,Retail,Maersk
storage storage,Warehousing & Inventory,Maersk
responsible sourcing,Sustainability & ESG,Maersk
best inventory management software,Digitalisation,Maersk
cold storage facilities,Reefer,Maersk
international courier,Air Freight,Maersk
air cargo demand,Air Freight,Maersk
emcs,Digitalisation,Maersk
e commerce orders,E-Commerce,Maersk
port closures,Disruption - COVID-19,Maersk
customs declaration service,Customs & CHB,Maersk
air carrier access act,Air Freight,Maersk
reefer container,Reefer,Maersk
pc distribution,Technology,Maersk
procurement management,Warehousing & Inventory,Maersk
logistics vehicles,Automotive,Maersk
global freight,Air Freight,Maersk
delivery logistics,E-Commerce,Maersk
bulk wine,FMCG,Maersk
shipping warehouse,Warehousing & Inventory,Maersk
shipping quote,Air Freight,Maersk
shipping carrier,E-Commerce,Maersk
maersk air cargo,Air Freight,Maersk
ecom,E-Commerce,Maersk
circular supply chain,Sustainability & ESG,Maersk
responsible supply chains,Sustainability & ESG,Maersk
controlled atmosphere,Reefer,Maersk
cold chain management,Reefer,Maersk
corn supply,Disruption - Ukrainian War,Maersk
packaging distribution,Warehousing & Inventory,Maersk
omnichannel strategy,E-Commerce,Maersk
omnichannel retail,Retail,Maersk
customs policy,Customs & CHB,Maersk
air charters,Air Freight,Maersk
cold storage facility,Reefer,Maersk
tech supply chain,Technology,Maersk
containertransport,SCL - General,Maersk
packaging solutions,E-Commerce,Maersk
e delivery,E-Commerce,Maersk
vegan fashion,Sustainability & ESG,Maersk
reefer containers,Reefer,Maersk
integrated supply chain,SCL - Integrated Logistics,Maersk
last mile strategy,E-Commerce,Maersk
digital twin technology,Digitalisation,Maersk
customs inspection,Customs & CHB,Maersk
cold chain infrastructure,Reefer,Maersk
carnet de passage,Customs & CHB,Maersk
3pl,SCL - Integrated Logistics,Maersk
agile supply chain,SCL - Agility & Resilience,Maersk
gvms,Digitalisation,Maersk
consumer goods supply chain,FMCG,Maersk
automotive suppliers,Automotive,Maersk
logistiek nederland,SCL - General,Maersk
supply chain shocks,Disruption - General,Maersk
cold chain transport,Reefer,Maersk
cold chain systems,Reefer,Maersk
cargo security,Air Freight,Maersk
supply chain troubles,Disruption - General,Maersk
global delivery,Air Freight,Maersk
customs tax,Customs & CHB,Maersk
cross border deliveries,E-Commerce,Maersk
truck transport,SCL - General,Maersk
fast moving consumer goods industry,FMCG,Maersk
warehouse operations,Warehousing & Inventory,Maersk
product delivery,E-Commerce,Maersk
supply chain risks,Disruption - General,Maersk
ncts,Digitalisation,Maersk
export administration regulations,Customs & CHB,Maersk
automotive components,Automotive,Maersk
port congestions,Disruption - Global Container Crisis,Maersk
customs modernization,Digitalisation,Maersk
pandemic related shutdowns,Disruption - COVID-19,Maersk
pharmaceutical logistics,Reefer,Maersk
customs broker,Customs & CHB,Maersk
traditional air freight,Air Freight,Maersk
freight forwarding,SCL - Integrated Logistics,Maersk
cold storage warehouse,Reefer,Maersk
retail process,Retail,Maersk
production distribution,Technology,Maersk
inventory control procedures,Warehousing & Inventory,Maersk
customs clearance process,Customs & CHB,Maersk
vat information exchange system,Customs & CHB,Maersk
tracking platform,E-Commerce,Maersk
sustainable supply chain,Sustainability & ESG,Maersk
semiconductor chip supply,Disruption - Ukrainian War,Maersk
local tracking,E-Commerce,Maersk
inventory management systems,Warehousing & Inventory,Maersk
supply chain management companies,SCL - General,Maersk
maersk group,Competitors,Maersk
short shelf lives,Reefer,Maersk
air freight companies,Air Freight,Maersk
supply chain capability,SCL - Agility & Resilience,Maersk
global air cargo,Air Freight,Maersk
automobile supply chain,Automotive,Maersk
air cargo transportation,Air Freight,Maersk
electric vehicle supply chain,Automotive,Maersk
customs brokers,Customs & CHB,Maersk
resilient supply chain,SCL - Agility & Resilience,Maersk
inventory assets,Digitalisation,Maersk
Kuehne + Nagel,Competitors,Maersk
Senator,Competitors,Maersk
Panalpina,Competitors,Maersk
entry summary clearance,Customs & CHB,Maersk
Sanitary and Phytosanitary,Customs & CHB,Maersk
Outward Processing Relief,Customs & CHB,Maersk
Exit Summary Declaration,Customs & CHB,Maersk
Export Accompanying Document,Customs & CHB,Maersk
Common Entry Document,Customs & CHB,Maersk
Authorised Economic Operator,Customs & CHB,Maersk
Common Customs Tariff,Customs & CHB,Maersk
Simplified Frontier Declaration,Customs & CHB,Maersk
Inward Processing,Customs & CHB,Maersk
Binding Tariff Information,Customs & CHB,Maersk
Merchandise Processing Fee,Customs & CHB,Maersk
Free trade agreements,Customs & CHB,Maersk
responsible procurement,Sustainability & ESG,Maersk
sustainable procurement,Sustainability & ESG,Maersk
increase transport costs,Disruption - Fuel Prices,Maersk
Black Swan Event,Disruption - COVID-19,Maersk
Trucking costs,Disruption - Fuel Prices,Maersk
lorry fuel prices,Disruption - Fuel Prices,Maersk
lorry costs,Disruption - Fuel Prices,Maersk
21vianet group,Competitors,Interxion
365 data centers,Competitors,Interxion
4hana migration,Data storage,Interxion
5g connectivity,Connectivity & Network,Interxion
5g netwerken,Connectivity & Network,Interxion
5g network infrastructure,Connectivity & Network,Interxion
5g networks,Connectivity & Network,Interxion
5g Netzwerk,Connectivity & Network,Interxion
5g Netzwerk Infrastruktur,Connectivity & Network,Interxion
Abwärme,Sustainability,Interxion
adaptable colocation,Colocation,Interxion
advantages of hybrid cloud,Connectivity,Interxion
ai,Data storage,Interxion
ai it infrastructure,Infrastructure,Interxion
ai systems architecture,Architecture,Interxion
amazon elastic compute cloud,Cloud Connectivity,Interxion
architecture de données,Infrastructure,Interxion
architecture information technology,Architecture,Interxion
Ark data centre,Competitors,Interxion
ark server hosting,Infrastructure,Interxion
array data structure,Infrastructure,Interxion
artificial intelligence,Data storage,Interxion
ascenty,Digital Realty,Interxion
atos,Competitors,Interxion
atos information technology,Managed Service Providers,Interxion
atos it services,Managed Service Providers,Interxion
atos it solutions and services,Managed Service Providers,Interxion
atos origin it,Managed Service Providers,Interxion
atos origin it services,Managed Service Providers,Interxion
aws automation,Cloud Service Providers,Interxion
aws autoscaling,Cloud Service Providers,Interxion
aws cloud,Cloud Service Providers,Interxion
aws cloud management,Cloud Service Providers,Interxion
aws cloud migration,Cloud Service Providers,Interxion
aws cloud migration framework,Cloud Service Providers,Interxion
aws cloud migration strategy,Cloud Service Providers,Interxion
aws cloud migration tools,Cloud Service Providers,Interxion
aws cloud monitoring,Cloud Service Providers,Interxion
aws data exchange,Cloud Service Providers,Interxion
aws data replication,Cloud Service Providers,Interxion
aws direct connect,Cloud Connectivity,Interxion
aws hybrid cloud,Cloud Service Providers,Interxion
aws outpost,Cloud Service Providers,Interxion
aws outposts,Cloud Connectivity,Interxion
azure cloud,Cloud Connectivity,Interxion
azure cloud management,Cloud Service Providers,Interxion
azure cloud migration,Cloud Service Providers,Interxion
azure cloud services,Cloud Service Providers,Interxion
azure cloud solutions,Cloud Service Providers,Interxion
azure direct connect,Cloud Service Providers,Interxion
azure expressroute,Cloud Connectivity,Interxion
azure hybrid cloud,Cloud Service Providers,Interxion
backup data,Data storage,Interxion
bæredygtigt datacenter,Sustainability,Interxion
Baie data center,Data Storage,Interxion
benefits of migrating to the cloud,Migration,Interxion
best digital transformation strategy,Digital Transformation,Interxion
best network architecture,Architecture,Interxion
best network infrastructure,Infrastructure,Interxion
better data security,Infrastructure,Interxion
big data analysen,Connectivity & Network,Interxion
big data analytics,Infrastructure,Interxion
big data management,Data storage,Interxion
big data platforms,Connectivity & Network,Interxion
big data technologie,Infrastructure,Interxion
big data technology,Connectivity & Network,Interxion
biggest data centres ireland,Data Storage,Interxion
biometrics,Security,Interxion
building a data center,Data Center,Interxion
bundesdatenschutzgesetz,Data storage,Interxion
business continuity,Infrastructure,Interxion
business continuity planning,Infrastructure,Interxion
business continuity plans,Infrastructure,Interxion
Cage data center,Infrastructure,Interxion
capgemini outsourcing services,Managed Service Providers,Interxion
capgemini technology services,Managed Service Providers,Interxion
carrier neutral connectivity,Connectivity,Interxion
carrier neutral data center,Data Center,Interxion
carrier neutral data centre,Data Storage,Interxion
central cloud infrastructure,Infrastructure,Interxion
centralized data center,Connectivity & Network,Interxion
centro de datos,Data storage,Interxion
centro de procesamiento de datos,Data storage,Interxion
challenges in it infrastructure management,Infrastructure,Interxion
challenges of it infrastructure,Infrastructure,Interxion
challenges of managing it infrastructure,Infrastructure,Interxion
china telecom,Competitors,Interxion
china telecom americas,Competitors,Interxion
china unicom,Competitors,Interxion
china unicom europe operations,Competitors,Interxion
circular economy,Sustainability,Interxion
cloud adoption,Cloud Connectivity,Interxion
cloud anbieter,Cloud Service Providers,Interxion
cloud architecture,Architecture,Interxion
cloud architecture diagram,Architecture,Interxion
cloud computing,Cloud Connectivity,Interxion
cloud computing network infrastructure,Infrastructure,Interxion
cloud computing services,Cloud Connectivity,Interxion
cloud connect,Cloud Connectivity,Interxion
cloud connect data centres,Cloud Service Providers,Interxion
cloud connect service,Cloud Connectivity,Interxion
cloud connection,Cloud Connectivity,Interxion
cloud connectivity,Cloud Connectivity,Interxion
cloud data centers,Cloud Connectivity,Interxion
cloud data management platform,Cloud Connectivity,Interxion
cloud data storage,Data storage,Interxion
Cloud de confiance,Cloud Connectivity,Interxion
cloud dienste,Cloud Connectivity,Interxion
cloud diensten,Cloud Connectivity,Interxion
cloud enterprise architecture,Architecture,Interxion
cloud environment,Cloud Connectivity,Interxion
cloud environments,Cloud Connectivity,Interxion
cloud exchange,Connectivity,Interxion
cloud hosting,Cloud Connectivity,Interxion
cloud hosting company,Cloud Connectivity,Interxion
cloud hosting solutions,Cloud Connectivity,Interxion
cloud hub,Cloud Connectivity,Interxion
cloud hybride,Cloud Connectivity,Interxion
cloud infrastructure,Infrastructure,Interxion
cloud infrastructuur,Cloud Connectivity,Interxion
Cloud Infrastruktur,Cloud Connectivity,Interxion
cloud interconnect,Connected Community,Interxion
cloud it infrastructure,Infrastructure,Interxion
cloud migratie,Cloud Connectivity,Interxion
cloud migration,Cloud Connectivity,Interxion
cloud migration costs,Migration,Interxion
cloud migration framework,Migration,Interxion
cloud migration process,Migration,Interxion
cloud migration security,Migration,Interxion
cloud migration solutions,Migration,Interxion
cloud migration strategies,Migration,Interxion
cloud migration strategy,Cloud Connectivity,Interxion
cloud migrations,Cloud Connectivity,Interxion
cloud netwerken,Cloud Connectivity,Interxion
cloud network infrastructure,Infrastructure,Interxion
cloud networking,Connectivity,Interxion
cloud networks,Cloud Connectivity,Interxion
cloud omgeving,Cloud Connectivity,Interxion
cloud omgevingen,Cloud Connectivity,Interxion
cloud oplossingen,Cloud Connectivity,Interxion
cloud options,Cloud Connectivity,Interxion
cloud platform,Cloud Connectivity,Interxion
cloud plattform,Cloud Connectivity,Interxion
cloud provider,Cloud Service Providers ,Interxion
cloud providers,Cloud Service Providers ,Interxion
cloud service,Cloud Service Providers,Interxion
cloud service providers,Cloud Connectivity,Interxion
cloud services,Cloud Connectivity,Interxion
cloud solutions,Cloud Connectivity,Interxion
Cloud souverain,Cloud Connectivity,Interxion
cloud speicher,Data storage,Interxion
cloud storage solutions,Data storage,Interxion
cloud strategie,Cloud Connectivity,Interxion
cloud strategy,Cloud Connectivity,Interxion
cloud transformatie,Cloud Connectivity,Interxion
cloud transformation,Cloud Connectivity,Interxion
cloud zugang,Cloud Connectivity,Interxion
Cloud-Infrastruktur,Infrastructure,Interxion
co location,Colocation,Interxion
cognizant cloud,Managed Service Providers,Interxion
cognizant digital operations,Managed Service Providers,Interxion
cognizant solutions,Managed Service Providers,Interxion
colo data centre,Colocation,Interxion
colo provider,Colocation,Interxion
colo services,Colocation,Interxion
colocatie oplossingen,Colocation,Interxion
colocation,Colocation,Interxion
colocation centre,Colocation,Interxion
colocation cloud,Colocation,Interxion
colocation costs,Colocation,Interxion
colocation data center,Colocation,Interxion
colocation data center services,Colocation,Interxion
colocation data centers,Colocation,Interxion
colocation data centre,Colocation,Interxion
colocation data centre dublin,Colocation,Interxion
colocation data centre Ireland,Colocation,Interxion
colocation data centre services,Colocation,Interxion
colocation data centres,Colocation,Interxion
colocation dublin,Colocation,Interxion
colocation facilities,Colocation,Interxion
colocation facility,Colocation,Interxion
colocation hosting,Colocation,Interxion
colocation industry,Colocation,Interxion
Colocation informatique,Colocation,Interxion
colocation ireland,Colocation,Interxion
colocation managed services,Colocation,Interxion
colocation market,Colocation,Interxion
colocation provider,Colocation,Interxion
colocation providers,Colocation,Interxion
Colocation Rechenzentrum,Colocation,Interxion
colocation server,Colocation,Interxion
colocation server hosting,Colocation,Interxion
colocation service,Colocation,Interxion
colocation service provider,Colocation,Interxion
colocation services,Colocation,Interxion
colocation solution,Colocation,Interxion
colocation solutions,Colocation,Interxion
colocation space,Colocation,Interxion
colocation strategy,Colocation,Interxion
colt dcs,Competitors,Interxion
communautés connectées,Connected Community,Interxion
communication service providers,Connected Community,Interxion
computer data storage,Data storage,Interxion
connect to azure,Cloud Service Providers,Interxion
connected campus,Connectivity,Interxion
connected cities,Connected Community,Interxion
connected communities,Connected Community,Interxion
connected communities programme,Connected Community,Interxion
connected community,Connected Community,Interxion
connectivité 5g,Connectivity & Network,Interxion
connectivité hybride,Cloud Connectivity,Interxion
connectiviteit,Connectivity & Network,Interxion
connectivity management,Connectivity,Interxion
connectivity management platform,Connectivity,Interxion
connectivity options,Connectivity & Network,Interxion
connectivity provider,Connectivity & Network,Interxion
connectivity providers,Connectivity & Network,Interxion
connectivity solution,Connectivity,Interxion
connectivity solutions,Connectivity & Network,Interxion
continuous data protection,Data storage,Interxion
converged infrastructure,Infrastructure,Interxion
coresite,Competitors,Interxion
coresite realty,Competitors,Interxion
corporate data centers,Data storage,Interxion
Corporate Digital Responsibility,Sustainability,Interxion
cpds,Competitors,Interxion
cross connects,Connectivity,Interxion
cyrusone,Competitors,Interxion
cyxtera,Competitors,Interxion
dark fiber network,Connectivity,Interxion
data architecture,Infrastructure,Interxion
data architectuur,Infrastructure,Interxion
data backup,Data storage,Interxion
data backups,Data storage,Interxion
data carrier,Colocation,Interxion
data center,Data storage,Interxion
data center architecture,Infrastructure,Interxion
data center architectures,Infrastructure,Interxion
data center campus,Connectivity & Network,Interxion
data center capacity,Data Center,Interxion
data center colocation,Colocation,Interxion
data center compliance,Data Center,Interxion
data center connectivity,Connected Community,Interxion
data center connectivity solutions,Connectivity,Interxion
data center consolidation,Migration,Interxion
data center cooling,Infrastructure,Interxion
data center deployment,Data Center,Interxion
data center design,Infrastructure,Interxion
data center design build,Data Center,Interxion
Data Center Düsseldorf,Colocation,Interxion
Data center eco-responsables,Sustainability,Interxion
data center ecosystem,Data Center,Interxion
data center efficiency,Data Center,Interxion
data center energy use,Infrastructure,Interxion
data center fabric,Infrastructure,Interxion
data center facilities,Colocation,Interxion
data center facility,Data storage,Interxion
data center footprint,Infrastructure,Interxion
Data Center Frankfurt,Colocation,Interxion
data center group,Data storage,Interxion
data center hardware,Infrastructure,Interxion
data center hosting,Colocation,Interxion
data center industry,Colocation,Interxion
data center infrastructure,Infrastructure,Interxion
data center infrastructure solutions,Infrastructure,Interxion
data center integration,Data Center,Interxion
data center interconnect,Connected Community,Interxion
data center interconnection,Connectivity,Interxion
data center it infrastructure,Infrastructure,Interxion
data center knowledge,Data Center,Interxion
data center locations,Data storage,Interxion
data center managed services,Data Center,Interxion
data center map,Data Center,Interxion
data center migration,data storage,Interxion
data center migrations,Migration,Interxion
data center modernization,data storage,Interxion
data center needs,Data storage,Interxion
data center networking,Connectivity & Network,Interxion
data center networks,Connectivity & Network,Interxion
data center operations,Data storage,Interxion
data center operators,Data storage,Interxion
data center outsourcing,data storage,Interxion
data center power,Data Center,Interxion
data center provider,data storage,Interxion
data center rack,Data storage,Interxion
data center racks,Data Center,Interxion
data center relocation,data storage,Interxion
data center security,Data Center,Interxion
data center servers,Data storage,Interxion
data center services,data storage,Interxion
data center site selection,Data Center,Interxion
data center solutions,Connectivity & Network,Interxion
data center solutions provider,data storage,Interxion
data center support,Data Center,Interxion
data center sustainability,Infrastructure,Interxion
data center technologies,Infrastructure,Interxion
data center transformation,Connectivity & Network,Interxion
data center virtualization,Data Center,Interxion
data centers,Data Storage,Interxion
data centre,Data Storage,Interxion
data centre AWS and Azure,Cloud Connectivity,Interxion
data centre aws and azure dublin,Cloud Connectivity,Interxion
data centre aws and azure ireland,Cloud Connectivity,Interxion
data centre campus,Connectivity & Network,Interxion
data centre colocation,Colocation,Interxion
data centre cooling,Infrastructure,Interxion
data centre design,Infrastructure,Interxion
data centre dublin,Data Storage,Interxion
data centre facilities,Colocation,Interxion
data centre facility,Colocation,Interxion
data centre footprint,Infrastructure,Interxion
data centre group,Data Storage,Interxion
data centre hosting,Colocation,Interxion
data centre industry,Colocation,Interxion
data centre infrastructure,Infrastructure,Interxion
data centre interconnect,Connectivity & Network,Interxion
data centre ireland,Data Storage,Interxion
data centre locations,Data Storage,Interxion
data centre migration,data storage,Interxion
data centre modernization,Data Storage,Interxion
data centre needs,Data Storage,Interxion
data centre networks,Connectivity & Network,Interxion
data centre operations,Data Storage,Interxion
data centre operators,Data Storage,Interxion
data centre outsourcing,Data Storage,Interxion
data centre provider,Data Storage,Interxion
data centre rack,Data Storage,Interxion
data centre relocation,Data Storage,Interxion
data centre security,Data Center,Interxion
data centre servers,Data Storage,Interxion
data centre service,data storage,Interxion
data centre services,Data Storage,Interxion
data centre solutions,Connectivity & Network,Interxion
data centre solutions provider,Data Storage,Interxion
data centre transformation,Connectivity & Network,Interxion
data compliance,Data storage,Interxion
data connectivity,Connectivity & Network,Interxion
data hosting,Data storage,Interxion
data hubs,Connected Community,Interxion
data infrastructures,Infrastructure,Interxion
data innovatie,data storage,Interxion
data innovation,data storage,Interxion
data labs,Connected Community,Interxion
data lakes,Connected Community,Interxion
data management,Data storage,Interxion
data management capabilities,Data storage,Interxion
data management platform,Data storage,Interxion
data management platforms,Data storage,Interxion
data management practices,Data storage,Interxion
data management processes,Data storage,Interxion
data management requirements,Data storage,Interxion
data management solution,Data storage,Interxion
data management technology,Data storage,Interxion
data migratie,Data storage,Interxion
data migration,Data storage,Interxion
data movement,Data storage,Interxion
data netwerk,Connectivity & Network,Interxion
data netwerken,Connectivity & Network,Interxion
data network,Connectivity & Network,Interxion
data networking,Connectivity & Network,Interxion
data networks,Connectivity & Network,Interxion
data privacy compliance,Data storage,Interxion
data privacy laws,Data storage,Interxion
data privacy regulation,Data storage,Interxion
data protection compliance,Data storage,Interxion
data protection law,Data storage,Interxion
data protection laws,Data storage,Interxion
data protection legislation,Data storage,Interxion
data protection policy,Data storage,Interxion
data protection regulations,Data storage,Interxion
data protection requirements,Data storage,Interxion
data protection solutions,Data storage,Interxion
data security,Infrastructure,Interxion
data storage device,Data storage,Interxion
data storage system,Data storage,Interxion
data storage systems,Data storage,Interxion
data streams,data storage,Interxion
data structures,Infrastructure,Interxion
data transferring,Infrastructure,Interxion
data transmission,Infrastructure,Interxion
data visibility,Data storage,Interxion
data warehouse,Connected Community,Interxion
data4,Competitors,Interxion
datacenter,Data Storage,Interxion
datacenter expansion,Data Center,Interxion
datacenter management,Data Center,Interxion
datacenter monitoring,Data Center,Interxion
datacenter security,Data Storage,Interxion
datacenter services,Data Storage,Interxion
datacenter support,Data Center,Interxion
datacenter switches,Data Center,Interxion
datacenter tier,Data storage,Interxion
datacentertjänster,data storage,Interxion
datahallar,Data storage,Interxion
datanätverk,Data storage,Interxion
Daten Backup,Data Storage,Interxion
Daten Infrastruktur,Infrastructure,Interxion
Daten Konnektivität,Connectivity & Network,Interxion
Daten Migration,Data Storage,Interxion
Daten Netzwerk,Connectivity & Network,Interxion
Daten sichern,Data storage,Interxion
Datenarchitektur,Infrastructure,Interxion
Datenbackup,Data Storage,Interxion
Datencarrier,Colocation,Interxion
Datenhosting,Data Storage,Interxion
Datenkonformität,Data Storage,Interxion
Datenmanagement,Data Storage,Interxion
Datenmanagement Anforderungen,Data Storage,Interxion
Datenmanagement Lösungen,Data Storage,Interxion
Datenmanagement Plattform,Data Storage,Interxion
Datenmanagement Plattformen,Data Storage,Interxion
Datenmanagement Prozesse,Data Storage,Interxion
Datenmanagement Technologie,Data Storage,Interxion
datenmigration,Data storage,Interxion
Datenschutz-Compliance,Data storage,Interxion
datenschutzanforderungen,Data storage,Interxion
Datenschutzbestimmungen,Data storage,Interxion
Datenschutzerklärung,Data storage,Interxion
Datenschutzgesetze,Data storage,Interxion
Datenschutzgesetzgebung,Data storage,Interxion
Datenschutzlösungen,Data storage,Interxion
Datenschutzverordnung,Data storage,Interxion
datensicherheit,Data storage,Interxion
datensicherung,Data storage,Interxion
Datensichtbarkeit,Data storage,Interxion
datenströme,Data storage,Interxion
datenstruktur,Data storage,Interxion
Datenübermittlung,Infrastructure,Interxion
Datenübertragung,Infrastructure,Interxion
Datenverkehr,Data Storage,Interxion
db migration,Data storage,Interxion
dci,Colocation,Interxion
dedicated hosting,Data storage,Interxion
dedicated hosting service,Data storage,Interxion
dedicated hosting solutions,Colocation,Interxion
dedicated internet access,Connectivity,Interxion
dedicated internet connection,Connectivity,Interxion
dedicated server,Infrastructure,Interxion
dedicated server hosting,Colocation,Interxion
dedicated servers,Colocation,Interxion
Dedizierte Hosting-Lösungen,Colocation,Interxion
dedizierte server,Colocation,Interxion
dedizierten server,Colocation,Interxion
dedizierter server,Data storage,Interxion
Dedizierter Server-Hosting,Colocation,Interxion
Dediziertes Hosting,Data storage,Interxion
digiplex,Competitors,Interxion
digital connectivity,Connected Community,Interxion
digital enterprise architecture,Architecture,Interxion
digital realty,Competitors,Interxion
digital realty trust,Digital Realty,Interxion
digital service providers,Connected Community,Interxion
digital transformation,Digital Transformation,Interxion
digital transformation and innovation,Digital Transformation,Interxion
digital transformation business and technology,Digital Transformation,Interxion
digital transformation business case,Digital Transformation,Interxion
digital transformation business leaders,Digital Transformation,Interxion
digital transformation business process management,Digital Transformation,Interxion
digital transformation business strategy,Digital Transformation,Interxion
digital transformation center,Digital Transformation,Interxion
digital transformation challenges,Digital Transformation,Interxion
digital transformation companies,Digital Transformation,Interxion
digital transformation company,Digital Transformation,Interxion
digital transformation consulting,Digital Transformation,Interxion
digital transformation consulting agency,Digital Transformation,Interxion
digital transformation consulting firm,Digital Transformation,Interxion
digital transformation consulting firms,Digital Transformation,Interxion
digital transformation consulting services,Digital Transformation,Interxion
digital transformation design,Digital Transformation,Interxion
digital transformation expert,Digital Transformation,Interxion
digital transformation framework,Digital Transformation,Interxion
digital transformation hub,Digital Transformation,Interxion
digital transformation in telecom sector,Digital Transformation,Interxion
digital transformation it strategy,Digital Transformation,Interxion
digital transformation journey,Connected Community,Interxion
digital transformation leader,Digital Transformation,Interxion
digital transformation management,Digital Transformation,Interxion
digital transformation model,Digital Transformation,Interxion
digital transformation new business models,Digital Transformation,Interxion
digital transformation objectives,Digital Transformation,Interxion
digital transformation organization,Digital Transformation,Interxion
digital transformation partner,Digital Transformation,Interxion
digital transformation planning,Digital Transformation,Interxion
digital transformation platform,Digital Transformation,Interxion
digital transformation playbook,Digital Transformation,Interxion
digital transformation process,Digital Transformation,Interxion
digital transformation program,Digital Transformation,Interxion
digital transformation projects,Digital Transformation,Interxion
digital transformation report,Digital Transformation,Interxion
digital transformation research,Digital Transformation,Interxion
digital transformation roadmap,Digital Transformation,Interxion
digital transformation security,Digital Transformation,Interxion
digital transformation service,Digital Transformation,Interxion
digital transformation services,Digital Transformation,Interxion
digital transformation solutions,Digital Transformation,Interxion
digital transformation strategy,Digital Transformation,Interxion
digital transformation strategy consulting,Digital Transformation,Interxion
digital transformation system,Digital Transformation,Interxion
digital transformation technologies,Digital Transformation,Interxion
digital transformation tools,Digital Transformation,Interxion
digital transformation trends,Digital Transformation,Interxion
digitale connectiviteit,Connectivity & Network,Interxion
digitale infrastruktur,Digital Transformation,Interxion
digitale konnektivität,Connectivity & Network,Interxion
digitale plattformen,Connectivity & Network,Interxion
Digitale transformatie,Digital Transformation,Interxion
digitale transformation,Digital Transformation,Interxion
digitalen transformation,Digital Transformation,Interxion
direct connect,Connectivity & Network,Interxion
disaster recovery,Infrastructure,Interxion
distributed it infrastructure,Infrastructure,Interxion
dupont fabros technology,Digital Realty,Interxion
dynamic workloads,Connected Community,Interxion
edge data,Data Storage,Interxion
edge data center,Connectivity & Network,Interxion
edge data centers,Data storage,Interxion
edge data centres,Data storage,Interxion
edge datacenter,Data storage,Interxion
edgeconnex,Competitors,Interxion
energy star,Sustainability,Interxion
enterprise architecture,Infrastructure,Interxion
enterprise architecture assessment,Architecture,Interxion
enterprise architecture business,Architecture,Interxion
enterprise architecture consulting,Architecture,Interxion
enterprise architecture consulting services,Architecture,Interxion
enterprise architecture expert,Architecture,Interxion
enterprise architecture framework,Architecture,Interxion
enterprise architecture implementation,Architecture,Interxion
enterprise architecture management,Architecture,Interxion
enterprise architecture models,Architecture,Interxion
enterprise architecture organization,Architecture,Interxion
enterprise architecture roadmap,Architecture,Interxion
enterprise architecture services,Architecture,Interxion
enterprise architecture solutions,Architecture,Interxion
enterprise cloud,Cloud Connectivity,Interxion
enterprise cloud migration,Migration,Interxion
enterprise cloud platform,Cloud Connectivity,Interxion
enterprise colocation,Colocation,Interxion
enterprise data centres,Connected Community,Interxion
enterprise data hub,Connected Community,Interxion
enterprise data protection,Data storage,Interxion
enterprise data storage,Data storage,Interxion
enterprise hub,Connectivity & Network,Interxion
enterprise information security architecture,Infrastructure,Interxion
enterprise it infrastructure,Infrastructure,Interxion
environnement cloud,Cloud Connectivity,Interxion
equinix,Competitors,Interxion
equinix asia pacific,Competitors,Interxion
equinix cloud,Competitors,Interxion
equinix data centers,Competitors,Interxion
equinix data centre,Competitors,Interxion
equinix data centres,Competitors,Interxion
equinix group,Competitors,Interxion
equinix london,Competitors,Interxion
equinix palo alto,Competitors,Interxion
equinix services,Competitors,Interxion
european general data protection regulation,Data storage,Interxion
exchange connectivity,Connectivity,Interxion
express route,Connectivity & Network,Interxion
expressroute,Cloud Service Providers ,Interxion
flexential,Competitors,Interxion
forbindelse til internet exchange,Connectivity & Network,Interxion
förbindelse till internet exchange,Connectivity & Network,Interxion
fournisseurs de services numériques,Connectivity & Network,Interxion
gdpr compliance,Data storage,Interxion
general data protection regulation,Data storage,Interxion
gesicherten daten,Infrastructure,Interxion
global connect,Competitors,Interxion
global connectivity,Connected Community,Interxion
global data center,Infrastructure,Interxion
global data centers,Connected Community,Interxion
global data centre,Connected Community,Interxion
global data centres,Connected Community,Interxion
global datacenters,Connected Community,Interxion
global internet exchange,Connectivity & Network,Interxion
global network infrastructure,Infrastructure,Interxion
globalconnect,Competitors,Interxion
Globale Netzinfrastruktur,Infrastructure,Interxion
Globale Rechenzentren,Connected Community,Interxion
globale vernetzung,Connectivity & Network,Interxion
Globales Rechenzentrum,Infrastructure,Interxion
google cloud,Cloud Connectivity,Interxion
google cloud interconnect,Cloud Connectivity,Interxion
google cloud migration,Cloud Service Providers,Interxion
google cloud migration services,Cloud Service Providers,Interxion
google cloud migration strategy,Cloud Service Providers,Interxion
google cloud monitoring,Cloud Service Providers,Interxion
google cloud platform,Cloud Connectivity,Interxion
google data center,Data storage,Interxion
gpus,Infrastructure & Architecture,Interxion
green data center,Data Center,Interxion
green data centers,Data Center,Interxion
greenlake,Connectivity & Network,Interxion
hållbart datacenter,Sustainability,Interxion
Hébergement données santé,Infrastructure,Interxion
Hébergement informatique,Infrastructure,Interxion
Hébergement serveurs,Infrastructure,Interxion
high data availability,Infrastructure,Interxion
high density computing,Cloud Connectivity,Interxion
high performance connectivity,Connectivity,Interxion
hochmoderne rechenzentren,Data storage,Interxion
Hohe Datenverfügbarkeit,Infrastructure,Interxion
hybrid cloud,Connectivity,Interxion
hybrid cloud architecture,Architecture,Interxion
hybrid cloud architectures,Cloud Connectivity,Interxion
hybrid cloud connectivity,Cloud Connectivity,Interxion
hybrid cloud data management,Connectivity,Interxion
hybrid cloud infrastructure,Infrastructure,Interxion
hybrid cloud it,Connectivity,Interxion
hybrid cloud multi cloud,Connectivity,Interxion
hybrid cloud platform,Cloud Connectivity,Interxion
hybrid cloud services,Cloud Connectivity,Interxion
hybrid cloud solution,Cloud Connectivity,Interxion
hybrid cloud solutions,Connectivity,Interxion
hybrid cloud solutions provider,Connectivity,Interxion
hybrid cloud strategy,Connectivity,Interxion
hybrid clouds,Cloud Connectivity,Interxion
hybrid connectivity,Connectivity & Network,Interxion
hybrid infrastructure,Infrastructure,Interxion
hybrid it infrastructure,Infrastructure,Interxion
hybrid storage environments,Data storage,Interxion
Hybrid-Cloud-Architekturen,Cloud Connectivity,Interxion
Hybrid-Cloud-Dienste,Cloud Connectivity,Interxion
Hybrid-Cloud-Infrastruktur,Infrastructure,Interxion
Hybrid-Cloud-Konnektivität,Cloud Connectivity,Interxion
Hybrid-Cloud-Lösung,Cloud Connectivity,Interxion
Hybrid-Cloud-Plattform,Cloud Connectivity,Interxion
hybride cloud,Cloud Connectivity,Interxion
hybride cloud infrastructuur,Infrastructure,Interxion
Hybride Infrastruktur,Infrastructure,Interxion
hyperconverged infrastructure,Infrastructure,Interxion
Hyperkonvergente Infrastruktur,Infrastructure,Interxion
hyperscale data center,Cloud Connectivity,Interxion
hyperscale data centers,Cloud Connectivity,Interxion
hyperscale data centre,Cloud Connectivity,Interxion
hyperscale data centres,Data Storage,Interxion
Hyperscale-Rechenzentren,Cloud Connectivity,Interxion
Hyperscale-Rechenzentrum,Cloud Connectivity,Interxion
iaas,Connectivity & Network,Interxion
iaas platforms,Connectivity & Network,Interxion
ibm cloud direct link,Cloud Service Providers ,Interxion
ibm cloud migration,Cloud Service Providers,Interxion
ibm cloud migration services,Cloud Service Providers,Interxion
ibm cloud services,Cloud Service Providers ,Interxion
ibm direct link,Cloud Connectivity,Interxion
implement a hybrid cloud,Connectivity,Interxion
importance of digital transformation in business,Digital Transformation,Interxion
inap,Competitors,Interxion
informatie beveiliging,Infrastructure,Interxion
information protection,Data storage,Interxion
information security,Infrastructure,Interxion
information technology infrastructure,Infrastructure,Interxion
informationsschutz,Infrastructure,Interxion
informationssicherheit,Infrastructure,Interxion
infrastructure management,Infrastructure,Interxion
infrastructure monitoring,Infrastructure,Interxion
infrastructure monitoring framework,Infrastructure,Interxion
infrastructure project management,Infrastructure,Interxion
infrastructure security,Infrastructure,Interxion
infrastructure services,Infrastructure,Interxion
infrastructures data center,Infrastructure,Interxion
Infrastruktur Dienste,Infrastructure,Interxion
Infrastruktur Management,Infrastructure,Interxion
Infrastruktur Sicherheit,Infrastructure,Interxion
Infrastrukturen Rechenzentrum,Infrastructure,Interxion
interconnected community,Connected Community,Interxion
interconnected network,Connected Community,Interxion
interconnected system,Connected Community,Interxion
interconnection,Connectivity & Network,Interxion
interconnection infrastructure,Infrastructure,Interxion
interconnection networks,Connectivity & Network,Interxion
interconnection service,Connectivity,Interxion
interconnection solutions,Connected Community,Interxion
interconnectivity,Connectivity & Network,Interxion
Interconnexion,Infrastructure,Interxion
interkonnektivitet datacenter,Data storage,Interxion
internap corporation inap,Competitors,Interxion
internet exchange,Connectivity,Interxion
internet exchange point,Connectivity & Network,Interxion
internet peering,Connectivity,Interxion
Internetknoten,Connectivity & Network,Interxion
internetzugang,Connectivity & Network,Interxion
interxion,Competitors,Interxion
iron mountain,Competitors,Interxion
iron mountain data centers,Competitors,Interxion
it architecture,Infrastructure,Interxion
it architecture consulting,Architecture,Interxion
it infra management,Infrastructure,Interxion
it infrastructure,Infrastructure,Interxion
it infrastructure and management,Infrastructure,Interxion
it infrastructure and operations management,Infrastructure,Interxion
it infrastructure automation,Infrastructure,Interxion
it infrastructure automation tools,Infrastructure,Interxion
it infrastructure challenges,Infrastructure,Interxion
it infrastructure companies,Infrastructure,Interxion
it infrastructure company,Infrastructure,Interxion
it infrastructure consultants,Infrastructure,Interxion
it infrastructure consulting,Infrastructure,Interxion
it infrastructure consulting firm,Infrastructure,Interxion
it infrastructure design,Infrastructure,Interxion
it infrastructure experts,Infrastructure,Interxion
it infrastructure framework,Infrastructure,Interxion
it infrastructure implementation,Infrastructure,Interxion
it infrastructure issues and challenges,Infrastructure,Interxion
it infrastructure lifecycle management,Infrastructure,Interxion
it infrastructure management,Infrastructure,Interxion
it infrastructure management companies,Infrastructure,Interxion
it infrastructure management platform,Infrastructure,Interxion
it infrastructure management services,Infrastructure,Interxion
it infrastructure management solutions,Infrastructure,Interxion
it infrastructure management tool,Infrastructure,Interxion
it infrastructure management tools,Infrastructure,Interxion
it infrastructure monitoring,Infrastructure,Interxion
it infrastructure operations,Infrastructure,Interxion
it infrastructure partners,Infrastructure,Interxion
it infrastructure platforms,Infrastructure,Interxion
it infrastructure roadmap,Infrastructure,Interxion
it infrastructure security,Infrastructure,Interxion
it infrastructure security services,Infrastructure,Interxion
it infrastructure service,Infrastructure,Interxion
it infrastructure services,Infrastructure,Interxion
it infrastructure solutions,Infrastructure,Interxion
it infrastructure transformation,Infrastructure,Interxion
IT infrastructuur,Infrastructure,Interxion
it service management,Infrastructure,Interxion
IT-Architektur,Infrastructure,Interxion
IT-Infrastruktur,Infrastructure,Interxion
KI,Data Storage,Interxion
koppling till internet exchange,Connectivity & Network,Interxion
kritische infrastruktur,Infrastructure,Interxion
lamda hellix,Digital Realty,Interxion
large data center,Data storage,Interxion
large data centers,Connected Community,Interxion
legacy architecture,Architecture,Interxion
licensing regime,Connectivity & Network,Interxion
logiciels de sécurité,Connectivity & Network,Interxion
london data centre,Colocation,Interxion
London metro connect,Connected Community,Interxion
low latency connectivity,Connectivity & Network,Interxion
lws,Competitors,Interxion
managed hosting,Data storage,Interxion
managed service cloud,Cloud Connectivity,Interxion
managing it infrastructure,Infrastructure,Interxion
master data management,Data storage,Interxion
metro connect,Connectivity,Interxion
metroconnect,Connectivity,Interxion
micro data centers,Infrastructure,Interxion
microsoft azure,Cloud Connectivity,Interxion
microsoft azure cloud,Cloud Service Providers ,Interxion
microsoft azure expressroute,Cloud Connectivity,Interxion
microsoft cloud,Cloud Connectivity,Interxion
microsoft dienste,Cloud Connectivity,Interxion
microsoft edge,Cloud Connectivity,Interxion
microsoft expressroute,Cloud Service Providers ,Interxion
migrate to the cloud,Cloud Connectivity,Interxion
migrating to the cloud,Migration,Interxion
migration of data center to cloud,Migration,Interxion
migration of data centre to cloud,Cloud Connectivity,Interxion
Mikro-Rechenzentren,Infrastructure,Interxion
modern data architecture,Infrastructure,Interxion
modern data center,Data storage,Interxion
monitoring and managing a network infrastructure,Infrastructure,Interxion
ms azure,Cloud Connectivity,Interxion
multi cloud,Cloud Connectivity,Interxion
multi cloud and hybrid cloud,Connectivity,Interxion
multi cloud connectivity,Connectivity,Interxion
multi cloud hybrid cloud,Connectivity,Interxion
multi hybrid cloud,Connectivity,Interxion
multi tenant data center,Data Center,Interxion
Nachhaltige Rechenzentren,Sustainability,Interxion
Nachhaltiges Rechenzentrum,Sustainability,Interxion
nachhaltigkeit,Infrastructure,Interxion
nätverksdata,Data storage,Interxion
netherlands gambling authority,Connectivity & Network,Interxion
netherlands gaming authority,Connectivity & Network,Interxion
Netwerk infrastructuur,Infrastructure,Interxion
network architecture,Infrastructure,Interxion
network attached storage,Data storage,Interxion
network connection,Connectivity & Network,Interxion
network connectivity,Connectivity & Network,Interxion
network data exchange,Connectivity,Interxion
network functions virtualization,Connectivity & Network,Interxion
network infrastructure,Infrastructure,Interxion
network infrastructure architecture,Infrastructure,Interxion
network infrastructure management,Infrastructure,Interxion
network infrastructure monitoring,Infrastructure,Interxion
network infrastructure monitoring tools,Infrastructure,Interxion
network infrastructure performance,Infrastructure,Interxion
network infrastructure security,Infrastructure,Interxion
network infrastructure service,Infrastructure,Interxion
network infrastructure services,Infrastructure,Interxion
network infrastructure solution,Infrastructure,Interxion
network infrastructure solutions,Infrastructure,Interxion
network operations,Connectivity & Network,Interxion
network virtualisation,Connectivity & Network,Interxion
network virtualization,Connectivity & Network,Interxion
network visibility solutions,Connectivity & Network,Interxion
Netzwerkinfrastruktur,Infrastructure,Interxion
netzwerkspeicher,Connectivity & Network,Interxion
netzwerkverbindung,Connectivity & Network,Interxion
Netzwerkvirtualisierung,Connectivity & Network,Interxion
neue rechenzentren,Infrastructure,Interxion
Neutralité carbone data center,Sustainability,Interxion
new data centre,Cloud Connectivity,Interxion
next generation data centers,Infrastructure,Interxion
Niedrige Latenz,Connectivity & Network,Interxion
niedrige latenzen,Connectivity & Network,Interxion
ntt communications,Competitors,Interxion
on premise data center,Data Center,Interxion
on premise to cloud migration,Migration,Interxion
on premises infrastructure,Infrastructure,Interxion
online gaming industry,Cloud Connectivity,Interxion
opkobling til internet exchange,Connectivity & Network,Interxion
oracle cloud infrastructure,Infrastructure,Interxion
payment service provider,Connectivity & Network,Interxion
payment service providers,Connectivity & Network,Interxion
PCA data center,Data Storage,Interxion
peering,Connectivity,Interxion
powered shell,Data Center,Interxion
PRA data center,Data Storage,Interxion
premise data centers,Infrastructure,Interxion
privat molnlösning,Cloud Connectivity,Interxion
private cloud,Cloud Connectivity,Interxion
private cloud environment,Cloud Connectivity,Interxion
private cloud infrastructure,Infrastructure,Interxion
private cloud infrastructures,Infrastructure,Interxion
private cloud infrastructuur,Infrastructure,Interxion
private cloud network,Cloud Connectivity,Interxion
private cloud oplossing,Cloud Connectivity,Interxion
private cloud servers,Cloud Connectivity,Interxion
private cloud services,Cloud Connectivity,Interxion
private cloud solution,Cloud Connectivity,Interxion
private cloud solutions,Cloud Connectivity,Interxion
private clouds,Cloud Connectivity,Interxion
private data centers,Data storage,Interxion
private internet access,Connectivity & Network,Interxion
Privates Cloud-Netzwerk,Cloud Connectivity,Interxion
protection des informations,Connectivity & Network,Interxion
public cloud connectivity,Connectivity,Interxion
public cloud environment,Cloud Connectivity,Interxion
public cloud infrastructure,Infrastructure,Interxion
public cloud platform,Cloud Connectivity,Interxion
public cloud platforms,Cloud Connectivity,Interxion
Public Cloud-Plattform,Cloud Connectivity,Interxion
Public Cloud-Plattformen,Cloud Connectivity,Interxion
Public Cloud-Umgebung,Cloud Connectivity,Interxion
public clouds,Cloud Connectivity,Interxion
public network connections,Connectivity & Network,Interxion
Pulsant,Competitors,Interxion
purpose built data center,Data Center,Interxion
qts data centers,Competitors,Interxion
qts realty,Competitors,Interxion
rachspace mieten,Infrastructure,Interxion
rackspace,Competitors,Interxion
rackspace cdn,Managed Service Providers,Interxion
rackspace cloud,Managed Service Providers,Interxion
rackspace cloud servers,Managed Service Providers,Interxion
rackspace private cloud,Managed Service Providers,Interxion
rackspace public cloud,Managed Service Providers,Interxion
ragingwire,Competitors,Interxion
rechenzentren,Data storage,Interxion
rechenzentrum,Data storage,Interxion
Rechenzentrum Colocation,Colocation,Interxion
Rechenzentrum Connectivity,Connected Community,Interxion
Rechenzentrum Düsseldorf,Colocation,Interxion
Rechenzentrum Facilies,Colocation,Interxion
Rechenzentrum Frankfurt,Colocation,Interxion
Rechenzentrum Gebäude,Colocation,Interxion
Rechenzentrum Hosting,Colocation,Interxion
Rechenzentrum Industrie,Colocation,Interxion
Rechenzentrum Interconnect,Connected Community,Interxion
Rechenzentrum Konnektivität,Connected Community,Interxion
Rechenzentrum Kühlung,Infrastructure,Interxion
Rechenzentrum Nachhaltigkeit,Sustainability,Interxion
Rechenzentrumsdesign,Infrastructure,Interxion
Rechenzentrumsindustrie,Colocation,Interxion
Rechenzentrumsinfrastruktur,Infrastructure,Interxion
Rechenzentrumsinfrastruktur Lösung,Infrastructure,Interxion
Rechnenzentrum Nachhaltigkeit,Sustainability,Interxion
Rechnenzentrum Technologie,Infrastructure,Interxion
Rechnenzentrum Technologien,Infrastructure,Interxion
récupération des données,Data storage,Interxion
reliable network infrastructure,Infrastructure,Interxion
remote data centers,data storage,Interxion
remote hands data center,Infrastructure,Interxion
remote infrastructure management,Infrastructure,Interxion
réseaux de données,Connectivity & Network,Interxion
retail colocation,Colocation,Interxion
rzt,Competitors,Interxion
safeguard data,Data storage,Interxion
säker infrastruktur,Infrastructure,Interxion
salesforce express,Cloud Connectivity,Interxion
Salle data center,Infrastructure,Interxion
Salle informatique,Infrastructure,Interxion
sap ecc,Connectivity & Network,Interxion
sap erp,Connectivity & Network,Interxion
sap erp system,Connectivity & Network,Interxion
sap landscape,Connectivity & Network,Interxion
sap leonardo,Connectivity & Network,Interxion
sap netweaver,Connectivity & Network,Interxion
sap store,Connectivity & Network,Interxion
sap system,Connectivity & Network,Interxion
sap systems,Connectivity & Network,Interxion
sd wan connectivity,Connectivity,Interxion
sdwan,Connectivity,Interxion
secure connections,Connectivity & Network,Interxion
secure connectivity,Connectivity & Network,Interxion
secure data center,Data storage,Interxion
secure data centers,Data storage,Interxion
secure data centre,Data storage,Interxion
secure data storage,Data storage,Interxion
secure hosting,Colocation,Interxion
secure infrastructure,Infrastructure,Interxion
security software,Connectivity & Network,Interxion
security system,Connectivity & Network,Interxion
security systems,Connectivity & Network,Interxion
server colocation,Colocation,Interxion
server hosting,Colocation,Interxion
server rack,Data storage,Interxion
server racks,Data storage,Interxion
server room,Data storage,Interxion
Server-Colocation,Colocation,Interxion
Server-Hosting,Colocation,Interxion
Serverraum,Data storage,Interxion
serverruimte huren,Data storage,Interxion
sichere infrastruktur,Infrastructure,Interxion
sichere verbindung,Connectivity & Network,Interxion
sichere verbindungen,Connectivity & Network,Interxion
Sicheres Hosting,Colocation,Interxion
Sicherheitssystem,Connectivity & Network,Interxion
Sicherheitssysteme,Connectivity & Network,Interxion
skyen,Cloud Connectivity,Interxion
smart cities,Connected Community,Interxion
software defined datacenters,Connectivity & Network,Interxion
software defined netwerk,Connectivity & Network,Interxion
software defined network,Connectivity & Network,Interxion
software security,Connectivity & Network,Interxion
solutions de cloud privé,Cloud Connectivity,Interxion
stack infrastructure,Competitors,Interxion
sustainable data center,Data Center,Interxion
sustainable data centers,Infrastructure,Interxion
sustainable data centres,Infrastructure,Interxion
sustainable data centres Dublin,Sustainability,Interxion
sustainable data centres Ireland,Sustainability,Interxion
switch data centers,Competitors,Interxion
systeem integratie,Connectivity & Network,Interxion
system integration,Connectivity & Network,Interxion
system integrators,Connectivity & Network,Interxion
Systemarchitektur,Infrastructure,Interxion
systèmes de stockage des données,Data storage,Interxion
systemintegration,Connectivity & Network,Interxion
systemintegratoren,Connectivity & Network,Interxion
systems architecture,Infrastructure,Interxion
systems architecture framework,Architecture,Interxion
technology architecture integration,Architecture,Interxion
telx,Digital Realty,Interxion
tierpoint,Competitors,Interxion
tilslutning til internet exchange,Connectivity & Network,Interxion
top digital transformation solutions,Digital Transformation,Interxion
top network architecture,Architecture,Interxion
top network infrastructure,Infrastructure,Interxion
transformation cloud,Cloud Connectivity,Interxion
Transformation digitale,Digital Transformation,Interxion
Unternehmens-Cloud,Cloud Connectivity,Interxion
Unternehmens-Cloud-Plattform,Cloud Connectivity,Interxion
Unternehmens-Rechenzentren,Connected Community,Interxion
Unternehmensarchitektur,Infrastructure,Interxion
Unternehmensarchitektur Datensicherheit,Infrastructure,Interxion
Unternehmensdaten-Hub,Connected Community,Interxion
upgrade it infrastructure,Infrastructure,Interxion
uptime,Infrastructure,Interxion
uptime service level agreement,Infrastructure,Interxion
uptime sla,Infrastructure,Interxion
värmeåtervinning datacenter,Sustainability,Interxion
veeam cloud connect,Cloud Connectivity,Interxion
veilige data opslag,Data storage,Interxion
Verfügbarkeit,Infrastructure,Interxion
Verfügbarkeit sla,Infrastructure,Interxion
virtual data center,Connectivity & Network,Interxion
virtual network infrastructure,Infrastructure,Interxion
virtual private server,Cloud Connectivity,Interxion
Virtualisation data center,Infrastructure,Interxion
virtualized data center,Data storage,Interxion
virtualized network infrastructure,Infrastructure,Interxion
Virtueller privater Server,Cloud Connectivity,Interxion
virtus,Competitors,Interxion
wan connectivity,Connectivity,Interxion
wan connectivity solutions,Connectivity,Interxion
wholesale colocation,Colocation,Interxion
wholesale colocation Ireland,Colocation,Interxion
why digital transformation is important,Digital Transformation,Interxion
wireless network infrastructure,Infrastructure,Interxion
workload migration,Migration,Interxion
workload migration to cloud,Migration,Interxion
Zahlungsdienstleister,Connectivity & Network,Interxion
zurich campus,Connected Community,Interxion
Zurich data center,Connected Community,Interxion
Zurich data centre,Connected Community,Interxion
Zürich Datenzentrum,Connected Community,Interxion
Zürich Rechenzentrum,Connected Community,Interxion